{
  "Total" : {
    "transaction" : "Total",
    "sampleCount" : 102,
    "errorCount" : 74,
    "errorPct" : 72.54902,
    "meanResTime" : 22552.352941176454,
    "medianResTime" : 19031.0,
    "minResTime" : 996.0,
    "maxResTime" : 77750.0,
    "pct1ResTime" : 45789.1,
    "pct2ResTime" : 52727.64999999999,
    "pct3ResTime" : 77438.08999999998,
    "throughput" : 0.8342261734372571,
    "receivedKBytesPerSec" : 70.39548492974507,
    "sentKBytesPerSec" : 0.0
  },
  "jp@gc - WebDriver Sampler" : {
    "transaction" : "jp@gc - WebDriver Sampler",
    "sampleCount" : 102,
    "errorCount" : 74,
    "errorPct" : 72.54902,
    "meanResTime" : 22552.352941176454,
    "medianResTime" : 19031.0,
    "minResTime" : 996.0,
    "maxResTime" : 77750.0,
    "pct1ResTime" : 45789.1,
    "pct2ResTime" : 52727.64999999999,
    "pct3ResTime" : 77438.08999999998,
    "throughput" : 0.8342261734372571,
    "receivedKBytesPerSec" : 70.39548492974507,
    "sentKBytesPerSec" : 0.0
  }
}